,userId,id,pwd
0,1,id1,6eac1114aa783f6549327e7d01f63752995da7b31f1f37092b7dcb9f49cf5651
1,2,id2,149d2937d1bce53fa683ae652291bd54cc8754444216a9e278b45776b76375af
2,3,id3,ffc169417b4146cebe09a3e9ffbca33db82e3e593b4d04c0959a89c05b87e15d
3,4,id4,54775a53a76ae02141d920fd2a4682f6e7d3aef1f35210b9e4d253ad3db7e3a8
4,5,id5,263afc384461bceff1154660f784d26f90c00ca8923aa1a04ceebbc14f30e253
5,6,id6,1a878e3715decce119c93236f2cdccb9f47f8142397348209f9082c36a7c2524
6,7,id7,3fed6b4e386c7a023a849b490ec9e6f9670bb03067136fe561108159f4883bc9
7,8,id8,82db9d1cecf58438d72c8033c923eaa7f96bfb0fd20ed83440d8eddf3a77077a
8,9,id9,814fae7e37db76d0bb7770de9e8e3a7b3dc15193f93ae93461c28a5bf4e19206
9,10,id10,de15bbf50716c8ab1680c845f081cf81d3596b08d40cf8c5b726aac1f9d7a55c
10,11,id11,8808fd4e67cdd7a4861b43bb6689643a89e1fd19171aaf99a9fadc565cec75d8
11,12,id12,cef571c774f3e4d47b65bd094c2d60be5f2f22b91cacfe7e5444161771e7dd14
12,13,id13,8903ee9e0923a350646d1a5994341ad75da907514ef9e7620616f8d9adc8faac
13,14,id14,859156ec199977c4ca2706c6a5448da00e01d5dd2f806480e42b16f4e8cc432e
14,15,id15,72f8ad268bb33a865d7c209e4038825da5da8075c8c6b10212f8597e209b7974
15,16,id16,260ac41a42a2d9cec0a67d995413b514f99e69b597f16e2bcaf9f5695e8b5be0
16,17,id17,7acea4a6d9cd6958c5b99ba1bc4314368d674225c77e3746e8a07e7c4996c44e
17,18,id18,be1e4bb6c131f65fe7450b96de9a04492fab942905d48f5047e2749a47b1cfa5
18,19,id19,99f13bbeb97c5da5da13c38d387a0aff9d536982c5aee9702ddc5f80b4ebfaa1
19,20,id20,1851e95b14b6f9daff0368ac9774a385b602731fa67ea692292155f9e28b4772
20,21,id21,7ca9a21e4429796d3af0a2412b9b84308272348a557b06573b1509b1858529bd
21,22,id22,7cceaa7268e909f01e0b32ef212bb786d9912476b52d3820f1a7cc88561f4da0
22,23,id23,30695826801833413913c1571ac9c01b501de07f6ff9bd80dd284afc490f65bc
23,24,id24,73abda3cbed39f89fb6f12a17ebe7d410bf930ece12d48ee931ae1f1df775c37
24,25,id25,317f710bd7fa89c52bee7d014c2c4c9c56377912fe43c34ce029c9a22bfc469f
25,26,id26,bb669d0e347f213086b270173f9653a1ab7e679349ce1541f205c9ac55be732f
26,27,id27,2f5dc122c77d5124d448a82b09e2499e7340e4b2a0ab96abb72538be2e1c5ae8
27,28,id28,9a79e45dbc0aa23550d632445a3990d09ab4c4ac7412ac5c36ff01d3c9f58bd2
28,29,id29,387c87412c829eadebff4be1a9064c91337b7f3f0517320e85219e5729202e81
29,30,id30,34d2392d697a9238a67e7fd101bffa5e1d51a673f2071c9f0a78a36d08d91261
30,31,id31,7daa3890d9bcb3ce0f41bc187995822485b2b835e1e33005cb5cddc3827cf050
31,32,id32,e5a5467660b83adfccf1b663fb5103e4a9cd9e6923e8122ed4482429ad1eb08c
32,33,id33,5ae50c0239cc056cb3d63a4637eb39a2199d3c0896a668615719dc17b8fed9a4
33,34,id34,366da4dfa1b1f0a48dc97eaeb93ebf27cb19b49a034fe9a71f46ab249aab8304
34,35,id35,24c596484f4c3f3ccf25560e2400e2b3c4f25cfd39cf442e95168fd0842edcf0
35,36,id36,7011301b3045605657b1c737fa93ce27cc00146d23341b01bc665c6b7b672db8
36,37,id37,0bf7e20dd97b3cc4edf5c608c425d67ae05574f1567b1c179a23f09fdd513ea4
37,38,id38,9d24fd3ccf552f1be2b21e81125e30987b51bbec9a44bfb3baec2f9ffa9a59b4
38,39,id39,71bbb9eaabc927e46ffc4a68ca88c86a0f227b71a004d7712ef63eca18a90dc9
39,40,id40,5f8732c186df413ed32ae95c28ee8da66612691b43422f0575b56cebc93b6490
40,41,id41,d677b6356d225cece34c44a756749a1acc010ffff10cce3db81073ce7abda78f
41,42,id42,85036a46b59c4a1e77edb550808c94ab7eb8303f5846dccf501694e0eb579b65
42,43,id43,c93bb9ca12d9d58f9ece243396f812ce89e7ec326ea138845f328ebd8b1bce1a
43,44,id44,122c9461855612f003187a0dd228ac97258e141a1c72861189963424db67a66a
44,45,id45,9fac61a77d0cb125c76bfd2eaec8e535ead5ef1b03c461a80e445f8026409b66
45,46,id46,7ef2bc3252ce84050d57d52c99e8fe728156b3a8856c20b7393413d44845617a
46,47,id47,d977f670110d13a9aa61872b8469cfe3591c75745821bdf5955da1d116d34da2
47,48,id48,aa85355338e03bac16d5d20714bf8f2cfeb250c1bc065de5f3039e78771eea3a
48,49,id49,e3f620d55379364b68432b4ee104531c9f195ccbd51dbe5e8ec24bb30b85ec63
49,50,id50,b85202cb9d6d8bb79e300ea44fffa45ae58eb860094bac2b708a7a1f145ea50c
50,51,id51,191e484ac40c4ae9663d8820ccb19b617a9501cb48f41874fa1ac9f554943311
51,52,id52,e5d54534eb7a0a1c6aa5a06ec9b5fb164e72ff525e273a3c4c0728948bf5d311
52,53,id53,051f50f5b4d9c9d78326d1c4d224f298a1a1e8a3a06d94ed03edfe83f15e7b7c
53,54,id54,79ddb97d1cd53791a094b1f5125e7d32a119a7cb60b4612386162940c7b1d319
54,55,id55,300795494f857f22c2ab27d73d95122afa5d6365c281a7bb41d3e798a9c844f9
55,56,id56,70392b14bc53448615be72c48b3040ce34e1e234bfd011edad5358644486e002
56,57,id57,fdd78dcb955fd8c99555902a4e6f5a11855080938025d1cc57624b1ab862aef7
57,58,id58,ac257cae7fc36976105222d8f09fe42eb5ce5b6fa820527fa0651bc97804cb1d
58,59,id59,bee0d49c1a480feb2c831ae5fb425edf9d79bb6f00033b3eb9d6454371648f12
59,60,id60,e8359679f28cf14cb79355547d086a7222eb495a3a77e16ca93f641d32e050e1
60,61,id61,2f8c94f94cd4fbebfaba8e7d07e0e902d9680b01aafaf76c11c81c66f17633b5
61,62,id62,3981870e100c68310a97bbc4955c12b672bc0474a6029cbd649891475f19cd15
62,63,id63,6c143f79125f2521814fbe7863bf80fb0916ae5f454e026620ee2633f10c736a
63,64,id64,671c622de9ea25686e77d89a549c141ba18547f9106cc6abc57ada5c7071fc62
64,65,id65,fcd07103166419f3d53bde0db1903cd4556f7754dc70d16cb53caa4fa7b0715f
65,66,id66,06ec6a609526a13c7f0ee191113b053ed575b7c11243974fcbd2f63f36dfca60
66,67,id67,58e5d0455637e843531220271944796fbeed509b5fbecefa637d38e6d3fb0ff9
67,68,id68,0c37fb11effd94dd0b47f4e2b671861b93507a5cf00a42854083f3a7250a858a
68,69,id69,118bd9387def565b4149e7682115b8a4ec10ad4cccfc1e61baf0207058335d4c
69,70,id70,3c12df046f0eb288014f7a285006b8b735db094e7f5da17b5574ac150f956562
70,71,id71,e3f1e501c575835292be4ae5f62bfcb551007b1a1d962943c7cd557636604aa5
71,72,id72,4e62ee39258d73fc7497061174770e3a201b85830734a3f704dc7aa14474ef0e
72,73,id73,5ec78423bd87a1abee350e0b59693b362e4a57bf12f1701aefc78870577bb61e
73,74,id74,9947471c257ebfa54479f29f3fcce7d23bc337c2aef5ab103de5dd60241e34af
74,75,id75,dfb0c9d7e477191ed46dc5fee419ccf0a7315f973b404a3dd791e671240fa122
75,76,id76,4f35923baa0777e246004605701b5130289dec01b2ca133ca5a5b5e97a0ad102
76,77,id77,a1cd0db699ab700023c4a2e610c5874f34c1dacdb29810f20f9110a7d2bd6f57
77,78,id78,7e280fb8e0a20c63e22d6bccf112c5a64a9c9b43ebe749e3740cb9d026ea6060
78,79,id79,5cda99e770f411396735a8a7b1827b4b4276980ea5fe4d5d0bbf2d7d4c0e2ac5
79,80,id80,9deef234e96018e44d513fd00ab713a7f562a7e893634c51b49df2724f473428
80,81,id81,3fecbfaee94887b376f3b090f96c0931124137e812f37afa28cb27b67380fe3e
81,82,id82,39e4ebf82d2f6f529709b940a7ee40e03fcd4a4fc707605b4b03c35c4e585b6c
82,83,id83,2cfe6d3222b06a7e6584e6c4fe1b79b52de0838c5bb62fb55245f40d79d5ddba
83,84,id84,171934d88f0e98e6438386d2551295cedc44610b1f0adc87aef87a35994e678a
84,85,id85,ef1d32350ebd2b4fcc75f7bf3aa3ce77a92387b83f21f828d99a225835f275ec
85,86,id86,b8414f3e58139fc0240d4be9dc0f0e00fb9963ea5662d29d690fc6046a1ba399
86,87,id87,d703f3dabdeb133e5b0fac42cd1e9ab1c3f1a69cf7fe93fea2ac0ae284ad26f5
87,88,id88,5f602c2906c67541fd17d98e35e835a215d8a35e415589a1ef2c40b9ced6090e
88,89,id89,3fc51cb930fc1842a53dbdd82a49aba499a7ed19531041871ca88f7087233cb9
89,90,id90,785b64735c9bb15eabd0ec6323363566c1dfe81a16b4b3cbfeb0bde5920b8def
90,91,id91,161eaa438a3a3c08189dcc8652a7549af0d43645da53e328ea7665750e662401
91,92,id92,ae8730be1572c0ef3e4df1d29fa93313decf3d976288dda88e7447af5cafe244
92,93,id93,ede6c5af1616065bcc7e8bf598ac1d35ca6274669cb1f757f7b7f3c6e5f8d6a0
93,94,id94,16a482ea4e0e5010173dae2629767c943bb894bafd06ab44e6c0f8e381633974
94,95,id95,cb909ae714f94453ffd9194f11088384eb330d8f8c752ebb7b6d754da6f4c93b
95,96,id96,94c0eabc64d40dd4698cfc29e404467e7cf0e6c957c55657fc71224beeb7adda
96,97,id97,dba8f9ee8168990dd8106311e32b5f599c6e56b28c69306ef28ff3e2e3a20124
97,98,id98,5f476c9a6b88d98fda8a1085c01eca7ff1ce904a8d690357aeed60ccafd31a74
98,99,id99,edf23bb6aa98d6cfdd264040e4d3b0f0a07f7b0dc7abe4f2f3d40b75b30905ab
99,100,id100,be5ec01154a9e87bc9b6d70df8a57919a0f9831e9ca2f55e90bcb9dc159816b2
100,101,id101,3be68c3ecd4df75c58051d09e6fcc5582b1f5aad27235ae37c3029cd79b68000
101,102,id102,1f65fdac2a6f406a839b9ec44f298e2b15c6bdf2e3318e027ecd9747e3420bc2
102,103,id103,c5b79b7186bf13a442eec85b75cc16273d6ce53f0d5d4fd1927640290e2007bd
103,104,id104,230a595308261cde0f203bc82a287e7e7ffa0f82f5460493c4991878a50a1e92
104,105,id105,d7f7f97027dfaf3a1b2f60431bc40bb617d228b303c1ac8c6e6cf8dd8545d068
105,106,id106,1f4834a0fb863af522943d7aa0e57e813db446112a9e93905c6cafbae5c5e224
106,107,id107,6bba702c8307db971281d977f5783e741de89b942018e716228242de48591413
107,108,id108,7c71e9efa859e958190da9d3c1cfd2e9cae1111ff1086b38b97dd77570e5ec11
108,109,id109,7cf634d49c84c6ba048e690b6891dba07008248a5cc3c81ed24b5f0c5055c167
109,110,id110,54c37f647ce0be31a5c59249eb9cc5e29b85741902d3de6668c79c9b63de43d3
110,111,id111,07c9f005ea0fb70fc48531e25a3a13e434e721dbc858c0b799568c3cafb2534c
111,112,id112,0ad12f82527927e3a72bfbae4f20b6cc84c04503982cc58e559a45a0abeb7f65
112,113,id113,3ca3a219a4a806f19616cac10e25a120033c8e14804444207f2268536c144f08
113,114,id114,16f0caeb22b5b139a3361a43cacd20bc119286fedf19ac27cb3828914b69995c
114,115,id115,6b52243566b1f6643f5abd6da13eb759b6e929d024570f8e28812cf6ed6aaefb
115,116,id116,83f6b5d89f10db9fceafa813f728bdcf6e4f1313e50fb5913c72f02d039a5d96
116,117,id117,0ca1d386575e13a756a5fd59adf1753fdc2b7250082ad5c51b42fdbd5004d3a5
117,118,id118,0c9229d3f780ed90782ce6f340cc7933909dd8f15a1e5bba5c810351fa2bbe86
118,119,id119,8491682f09e6384b75a6643738bc98e32529468bfaadf40907c665b06e50d7c5
119,120,id120,45abd3045bccaa45b9e99dd2d95d4bb43da0a3d02fb8b05147bd63397ca35b4f
120,121,id121,d8e998846fe247494f1d2fe906393fc289ac7d37c1e358160eca22d600d3de18
121,122,id122,8a3fced97eabcc7da199ac3b156b043ad857e6129f95aebdff07211aa18e232f
122,123,id123,3838bd5806d32cd91144865aa822b9551417dd2796c163d390baa7074d3067a7
123,124,id124,a2c29029c46279c1d6e346a610c4fd855cc82a0d8f053384f294ac6b0d05112e
124,125,id125,f34176f55b881afc6fc439b70447737998026e82c7e5bc558bab117f11c92d0e
125,126,id126,f5847639f2cccc55bab578e94b9505bba3c6cfbb972b898dfe8ab04ee2916030
126,127,id127,e4dae235e5c1142a64d0cdaea002dab728b5628eeaf453432ddca891c7244fe8
127,128,id128,0fb8868936fae2c19f78907fad0c484ba5aed0965d499bfd39984b335fd61463
128,129,id129,d1e1af2aead0b3f1be7415f9efc93aab5c946f4650298a85826045e272c2ec81
129,130,id130,66d136e17ded40fc72b26dee81df46ef435447ee8a87700e2d36d2830b69dcb0
130,131,id131,495cac2ff6516d5eb5e50b1518006485145b326ef233ee86d0bdb6261313a901
131,132,id132,b29c0846e3a3e3863b52373f301e0e39968b1d6fcdccf9f333358931231efd03
132,133,id133,a039a958582d7b551bfd23fa431cc872fc6ae0ecaa875e656bf5d32c1dff271b
133,134,id134,c6e8b6e77f92d177f96e56852425c66e16d860ae0be2811b8ead06558d10c351
134,135,id135,ab4a8828ce77e959570ffff988ae59631981e38d3d2c665ca788c0394dd50280
135,136,id136,7b24601bc816d8e140ffd22f320e5614449331308b20a36b33d0a31dedfe2130
136,137,id137,ab1b49a97b57001028d63f120b3706ffed67f6818d8a480b7eb6c58898e20c2c
137,138,id138,dbda3e78062dd4c02749ff5ecb827dfd63e723446999ddbccdc7a3b7c9db599a
138,139,id139,15864c4f528bf36cd92ac561e72758c08ba070182e6adf0a28ee023baa577381
139,140,id140,b5454c49ec0b29026d49ba0fe7d626b0cca40c926b8adc36b7addd641ec777bc
140,141,id141,07e06fd7f66a6767841be7fdc4f325433a9bc447d679d154a9766dff54e8a471
141,142,id142,c816db140d3b9428d50425647ad3b27447931f1caa92d54f5d5bf16c183c4610
142,143,id143,88978c811979f1587fadc6f966db91ab3283c793559a690a28f1492b259d412c
143,144,id144,48c4738e3d639b04ead9b0f51d2090ac08767c79e3c76e5ab5d4fc8daede0fad
144,145,id145,527d655000a3c0f2037dd95d367d6fad15839f1e26c587cf6222719c74c76c0f
145,146,id146,4d0a98d10639f8a012982c63ffeafcda3b63842e0f9003078861004ef994c5cf
146,147,id147,2bfa348ec668e48c1aedf32aa4e6c90d4ab46f87ba4b91fdb9e4a811cc5b9f46
147,148,id148,78de893a98eb9e61d33b150ea2eb3b2e00dded5a3aab2db073c95866cf3a4824
148,149,id149,10a1ed19ec0dfb36dfc10761f21daf323df15666deef3fdb1284df2015efaa66
149,150,id150,7f4cd560264a3ddcd7527b8079d2342bd66e2c2c19581956791e73535aaecc61
150,151,id151,e396754e2c70395ef1943598240560973be6d5b14d745fb48566ab01f85b3375
151,152,id152,ec1751f7158117e413d54016a587536a3b847b6acbcdeab5a05476e7967ec5ca
152,153,id153,5c3a0cd23eed7a3ecd5d7807df4860c3df57d688fab7e9b33dcc08863f21605e
153,154,id154,1d7b96da5c96866f7f74774dbac15eaedbba73fa9e75899aef5e2e8632ee6311
154,155,id155,d694375c8529014b1187cc6c9abe63a0d61337b238b66530b10240e5b2237dbc
155,156,id156,b6845883cc13a629c7ca84671e1fa175d7b2b0d5cb94c84d45cf9dcb740785ad
156,157,id157,4a878e0fa7da042ccaebdd713b6f531ac4775fa076c2d00f58a41042f135a63f
157,158,id158,3149d0de47920c6fbafc550dacfbfbbc73b4f114ae1dca58f15a7dba570a8837
158,159,id159,3d93b21190134de8fcfffa757292d8051f1659edc89b9bb9af7ab3a4037ef16d
159,160,id160,3463d1bf5d499bbe7b68f81b8f603de69f639fcd3462ff6159b5d37fb7206f6f
160,161,id161,236b1368a33a2771c3310a44ab5d3d230b2561ce875deacadd258ee04a58a512
161,162,id162,b17285f99f97b678147ffcffb1979f229a6974151a48f5d398fd3dd123d807e2
162,163,id163,f0eee09430864f1ce7392dab1b4af507496244c831152b40406d9599b9acd278
163,164,id164,bf2119fb6affddeb950bec8cb42e915dbf5fb0a16aa32b3050c34ebdd97f86c8
164,165,id165,93527acce29cfac6717c1498c2e050fe6a8c7c34fb6a34a248003667fa2c6260
165,166,id166,54f2b315ef263acc0a5e63f4d34e6fda2a73cf05d9903d1702b2a27d119a9cbc
166,167,id167,8863c608d93fefa95cd9b7f15a1b3374348d1ed9cf5ae0720279f9d7103dc641
167,168,id168,3a77f8883b869907abc0cfa37ce7da20a2900b028912ad3b07109d6e4610a7f1
168,169,id169,b12cfc9848fb06f5addf36ce437490fbc6447fe61fc2960af6b47ca19b9f0e73
169,170,id170,50fab57f754fb6b14e4e0af1e33ef65e41b98649d9d8e7cf6b1dc2286a99dd6a
170,171,id171,1d92e1c16534dba4fb177112f0ad76518bfdbdf75025a0f30f281e715b93ee01
171,172,id172,9f993a91908f94c4dacdb7d6072456ed4845a1be293abe32a25e623dac29385d
172,173,id173,d4f05b2ca14a2dace14f28f6bf13d64f450a6bc9dc001283b14d086222817d77
173,174,id174,60da406572097cce4ca36f60764c763391d8e6e16edaff04fbd37e44d21c5a54
174,175,id175,2631ca9a85ea60032738640d26b17ae970eb526b44baac5d14886a0c94ff174e
175,176,id176,c8d33bc8c446bee3519c071d7bb5156ba96a7b7feefb16b7117af47af43efead
176,177,id177,724d662647265d69513146e6d9d33dfa8a4d7ce7f0740f11ff3aca9a1b0bdeb9
177,178,id178,d9ac6e5d30fd158baf2cbe2a7ab7bed9aa07541a47bc4de0280d1cc0be144a7b
178,179,id179,ddc47513240ebc86068c26362704d22e844f7467c20ced0da993e825242df24c
179,180,id180,f3db87eebfa360e1f3b874a12a33a3fc35879b0e70d4f985c5a29c3335935807
180,181,id181,93e64264c767ed31105c3fe1366c31b52757632edd14d20765636aa976c4864a
181,182,id182,a46076b4fb3333bf91a20e59f138cbed6a4f102a950ae30f31667f761b348636
182,183,id183,0104d622e92ecf3467982b40f2ecdb042c318bb7ae55e61cccc171c91c0f3191
183,184,id184,884e423e619c43ab0e9182e168f4f2e3a6b04703e1406fea596fb4419329ff7a
184,185,id185,8dd212355d7b1d2815b32be4db0d159c61f82c053433094f10bd9b21c1b4c2e0
185,186,id186,5dc3f2eed7b9e0f3f5c5babb4c7c67f35f62cb2934c995156ab3f04aa1c76774
186,187,id187,f0bf90c41c1054438ee3ddf2151f97399b3c9fbd5f1f5cab195fb28a5c9e3baa
187,188,id188,46c4be810f6c456c21541b73dd1e354529629d9c4c03367e6830a27b4f843b97
188,189,id189,b10e8544ce921d5e653d6e7442f954ef81af3cf3423921baa64cb33c5a532262
189,190,id190,916e4ae9676060dfafddba776f9e77e6d4850341caa97d8af4295d5dfb837cb4
190,191,id191,d224bb049b302b927f554155400e0166499439ff9566625dee52a14d38cb2a07
191,192,id192,b66ebfedd2f21d29af3f388deab51b18faafa2eac252cd390b67e0eaa917dd87
192,193,id193,8c26307050273d7438e2c4b8d2aaffa8d1e34cd1a7326366f90f3a5f6fde2dc7
193,194,id194,3011c712380a55bc0131a219c3e1ef536d1b6627243332eefc30181b7c47f5ea
194,195,id195,fcd75a376f7a85968f3d9169fe99c9e3b8a0acd062cb3adc585d9229269fb4be
195,196,id196,eda1022265c793173b54ddf0720d5ee3227db6a92786c271fc7e4ed92c65ee3a
196,197,id197,0d58829bb084f9ae915bfa66e7a0912b5c6e224025e57326a56aac349e07f6dd
197,198,id198,b2df194499f71aba640cd91dec7a73f0e37619767bd7e4ea2093260e8584c7d4
198,199,id199,744494105115ca065a502cdfcb45571e951bb72f1006e42e17839fdc43e14fdb
199,200,id200,d9ca7066e7cda99004def513c1b227d19b8d9cbbb3c2e2a70be9615cd7059441
200,201,id201,884f79b7ecc5a8445c2309cce9c2b732047b26163475fe1700e0c03d56dc9b8a
201,202,id202,c816d3d1104d5e0d1284827d2c92aecf9c8c583b415f6b2371f707f7566306b4
202,203,id203,0ca6c9a5137b9622fab64c3f1b0ad43ec5d68569d74b341fff183f577b72d5c0
203,204,id204,7ac98ed9369ccf951b66fde3a6b36bda28722922d13011bc9ed92b2807463c3b
204,205,id205,4a265c86932f341f12e7ccd0c4343f6f1129e539c9ae3bc4f8d990bbf6190744
205,206,id206,3adcec1e451191137b0247dfa6af552e48e8542e71c763e569247aee74c1f70b
206,207,id207,e3b95613b4d69ed57efc47055dc95982febcd58dd37b19c4f38d4cf6dca37e44
207,208,id208,fe2969e7fc1eba98be799f4b1579d8b37bc8d54d2d87821a126da97a9c455832
208,209,id209,186b6710da34eec1c3db5a72a43383a7a0d1e191564679d097e1bac5bea24fb4
209,210,id210,0165f1acb6d640624facd2224ec234383acb46471480391f3042b9a47ad8876a
210,211,id211,11b4fc0680e3d921323f67a468a72123afbb6fca6da12cd37518cc1d6e28cbae
211,212,id212,e3f8376882d0eb211152ee8d30ad4f5a201700fd4b63121210bb896fd84d8595
212,213,id213,b116df008732a05b7651ce64653dea33cb9434bbae1d858dacf5f0a51707f631
213,214,id214,20943c57ba7b2a5536eea23cc346e573946352c01d34f06b57b74b2acee9a65f
214,215,id215,e3711d94c1bd0403f0cd218e0b3606d02e470bc7e320899f539dd0b50e10be90
215,216,id216,b9349a25b3c2bdbd69335e26341a4cfc8309ba7e049412efddef0f37b80ed5e3
216,217,id217,c781b2bfc6ac3ae5687ac37e1590f36885fd991c1f392cea592064dd0cdc315a
217,218,id218,6558e80f2dce3e53e6da0628d9599e529854f83683b9baccb7ead8b7977dca35
218,219,id219,6e361f48db9d25b7382063d65d78396ba635b4ffa9dca232fea1433cb01b3a80
219,220,id220,f1445d60eee30a28ff329d3a2b98cfefda83b18cbaab57b059420dedf784ecbe
220,221,id221,3ea76cb87689dce6c7bc5bb706b8fabeba940a67e5a279946c955d38ee1b00e0
221,222,id222,bc99570243d19d25b620ca25fc581a724af512bdfe1f0372cfef883fb65f87b6
222,223,id223,d520288283a5716d309f859dfae7f613f6b85569b7fe720437edc6ad169f8b50
223,224,id224,6dd7972747067ddf2bdb5c525ed6ba690c768d175b1bd5b26315d69884ba5648
224,225,id225,a8e20a99dd6bf8b23ca9264e9e7ed48a32b2f6b2d543b5cf5fb868f3ee32ab22
225,226,id226,453d87f4dad0e7ec6f567ebd906336aa7f9ad0076ac5f509d81882a8bcf4f7fb
226,227,id227,912ab3bd925149c0bf9b063a017ae7bef40a35ade1980e36669b7280fdbdddf4
227,228,id228,e39e7c15ac4363138be58afbd7a5103dd9f95313927b16db45f1b2dbe74416aa
228,229,id229,7ee67a06b8e2ae371adc740a94f1324ebb96e37a39810986734b8ec1647934a0
229,230,id230,d46c672f4f6e261cb45e27ef3e8fcbf520ac8caac09cdfcb287bf05eb6befe97
230,231,id231,ae30364e89500d735359c074e5d0fb0f759df7b13df7f79c848f2741955b8f63
231,232,id232,cfc4a93169219c5a0cdc766cc542172769ad0b23bb4ae451a96bc9ede3afc370
232,233,id233,3b48b318f86102efb1bc89172a2d125db0f85feef6507663b2bca37c3e14c6ae
233,234,id234,e5b835950a10eb8b416b4ac5925e500d9afdd29f3fb717f0add82be20937140d
234,235,id235,dc60f833fde7ed144dfffcb41e173a921186dc889822ebe6fd302ea5f51f7b4d
235,236,id236,1ee462f85bf06af0d4a7ab362df00bb5e3f2cdd5f241799342e457ced2058689
236,237,id237,9117e4c5f34aca66f21a469f78405a815f79e969083400f9f120d900fbd38a4d
237,238,id238,7ccabb095a12586372de2ec150b5d38c2c6d4db3556876956dd3bd469418dcd9
238,239,id239,6d78f32c44f5c429775dbbbfa550a67d9c8bcdd6088f8b3633c6eeb082fd14ef
239,240,id240,330ced747c1a9293df82e53d0096f19ae1a60ee9ed6b8bdbab0ddeaf1334f92f
240,241,id241,2115675894f642369cbb120f7c416c734e56da9953fd7637023edf0a459984e5
241,242,id242,e019e0b9c4fba814137d521b4f68fc057c3ca1a9e77ebc91410ba4cf28ebd2ef
242,243,id243,114183afcad714c87cfbace64f79203259043b3e35e197fb61f9428dbb42af52
243,244,id244,4121068b084bac64829961c452942225970e975761dd92c7922d49be0620cc54
244,245,id245,78b1d3e1dcdacf628273c148c61528020d9cbfa7aa8ab48ec397a7e4e0ef5202
245,246,id246,9fbc424db166233a5d70b0f3837cba57c8404573c785277f36a4ef830646ab09
246,247,id247,cc856ba9aa278799cb6de8a9cdd9a0342465b9a448183bb1490f7f40be4bb6e5
247,248,id248,1919c8711aae3caf7eaee11f5c77ad50d80275a7f479e99e97faa5c24318c349
248,249,id249,fe1f1ffb6be17116fd64b0bb861a07f98f6f5387ce77dcc6735cb726d77d7370
249,250,id250,06407fe071757de550a1dd83c79e32316c702dda8d90e4caaf45082852a23122
250,251,id251,b55fe9c1748d2511744523077a2368c1032a997f1b5dd79d83e2a44ffc99bd12
251,252,id252,b65002dc334fee36bfa49b7da92f1b9d44376e588bd86f89507c1757cc19c66d
252,253,id253,38f2f8322f1eddfda619802c7adc9d9ada9d7768d4f2b01be05dab5edfd0a10c
253,254,id254,3e91c61961ce511dad3964be11f0ec008baca01f628bc233d33c4e4864dd8611
254,255,id255,0be8a5c9d48434034a7aed77db308cb31d0228248bf0a261bb5d95ef7ee3b3ea
255,256,id256,509379de997e00152d45526c51f1ee59966ed33ddbab7430aae741e2f1b409d2
256,257,id257,77f4ac4621128e4f78dbed6c555a768adc1af3c74cb69110cc5d173549fc7f25
257,258,id258,bfcc64656b7118daa217608b36fa9516407a94f63bfc9e16049be7762a389951
258,259,id259,354744aedf3d3ba4162abe87052e7e26267004b432c90f655a86a9f265722b04
259,260,id260,c5872079a8bf3276807e43f054801c7e929147d1cf9b07e4dd1e86a8d82b75d6
260,261,id261,fb53bbcff58c58a397843d2b9d47fb31e4f83f8ba0a7c33257499af936f7f225
261,262,id262,bdb60bc5ab9beca26c6139a17029593f0ead8f8b5aa63b825aff14d1e81f5660
262,263,id263,c7d9a531fbc70dfbce869cfc22305317d3ab06b7d413e0bea0242a77aff377fd
263,264,id264,a6fe8e910bb7833112e71e16d3ace713c842b4479962a3eb3507408122ed0b64
264,265,id265,fb4291568af5c3c87780f7992242f6f7a3c39c1038b3d6eba47ee308dd3a8e67
265,266,id266,42cec2b466c657a1ac76a98f8bf848f9e300b85aa58295a097108904d61a74e0
266,267,id267,09b65902251002f0d6d5127b4b7ffa2d9bb2f1c013508df59540db676f04f5cb
267,268,id268,d64cf6fcb8cea4cd91f5d2b35ee99674c8aad63935a6fc29db8ab1cfe203e045
268,269,id269,9e55f9540194e71a91e41b535e9507171a5c54002f51845690bcb58e2b32884f
269,270,id270,0ad128036c681a8083c933f2c3426f4411cf05564bb0103b0afcd7d2d8645989
270,271,id271,bd8c334083a073c8d95227697ff51a0a7ca7239fb0568d591c1909f7aa7bc593
271,272,id272,a9b231fb86626c044b1dfa9ffeed8b1818d39f7a87c12e4fbfb164987b8093ec
272,273,id273,9ab2d1035765685367dc7922b4ed1a974f18fdae4d8a6fdc7bbf7a2585ee6f3c
273,274,id274,4f176dbab390842f07a7cec6fe2d372cdf86283a5d77d91e3581799c08f69aab
274,275,id275,c2cffdcc1febefea397a8c1caa80914f6052a9307531ed3c42733cd44a518d96
275,276,id276,1565caf2644193337db3604db7ede6bbaae0b8d6c745f66c358d5d7196511db5
276,277,id277,b617d2f8578d97131f285c991dd744d4b68982cf32346a4ceddc322d6d37e98e
277,278,id278,0a8ab73b0c1638cb20f19e268ccbd569ed202941e98de32380554281cf0d3296
278,279,id279,4499c54de3e3a62aa7189038c6878dfde410b1cdd39aabf5f699b005a6c395ec
279,280,id280,3e50677f7a351650ea1680bc24c54564b8eb1f065bcd6650c99df54332ad6589
280,281,id281,b455cad68d6973a282b866f2d98d57b1ee63d00449fb813a03d1c47967d470bd
281,282,id282,ec8e432b9a6f1284d508e05216edf50a1132b3c7f4ef37d90070c05f4930a494
282,283,id283,5a68cb45c9343b31570f649ea91df07cd170c7e9d422d74581b58c2607ab786a
283,284,id284,10f637b024dcf257e034074c756f315a6590002d575d0f5fcf9a7c8bc93cadf9
284,285,id285,c2b4ead2f6ef094deb6d6d26a39209fa55d50457cf71dd8802597ab83f3f8398
285,286,id286,ddb69a670ffc8ddcda693a765e782fff249b97988bb373eb8f3fe30dbdc69328
286,287,id287,3658d6b1d34df19c26ab12c1a3b4eb34830b7ddb30f658ae95a3304bedba82b4
287,288,id288,aabe70952347ee5a19e6a0c87a37d52140b91e4175786d7d3749365d13dfb37a
288,289,id289,e087823d0fb1789c9a9648ac33208a4f493e33afe4e896b6f9f3f55d23312267
289,290,id290,26f397fe7f8c4d08f767495aaac7b58fedf6a3bf746651582bf5bee7fdbab6fa
290,291,id291,cd0a6f8eb67b26f17a85acfe8506b0cf38e2e82c40b4ba2e7695b915d73680dc
291,292,id292,c24400c9a151b268c0ad9e532d5b09ed1f9368aafaf826a9877b5c2f5ab0db2d
292,293,id293,d56d50e02bd8b63cb061c97daadf16c1eafdfe7fe5655b162b7962aec8d3d24a
293,294,id294,e2edd95a46f397993ffed770c0facb8df9efc396eaeb06cdaae617a8dfb3701e
294,295,id295,33b8f4cd6375496b5124696c44b2af71ba87683702b719c96acfb634e07d43d6
295,296,id296,b507c8efc69b5926aa6111b8d70862478bc62539488bc47268f3480cd53b7081
296,297,id297,855ba665182b87f0f05094fc2f8e4db8ad07d4ff3d3da59dab5c64506039f8ae
297,298,id298,e1ffb2f8683a89884ec9a425528af8c06913261efa07db7f90cde3eb2c147c45
298,299,id299,5bf06eb3cdddc2c4e63c7b7074e3e58072be391a2d5224e5ccfc6f6c55cb2ad0
299,300,id300,3ba76f3ac1c70fb965aee43ad56f370cafd75c9f90f1dcff11ec8e12cbabfb34
300,301,id301,55b6b993ec3ad7396a885955fbbb5b1a62acdda4275c64a99a9ee8d877fc1f91
301,302,id302,68a65b284730ea85f7d4f230a1f2fc4f64dab255c8483706f77a188b162ff861
302,303,id303,f0555a0244eec30cd17c945870af91d05192729fef0742813ebf53e8e5c4bd6e
303,304,id304,2a04f2ff751125d6cff70b0d4e702124798c5eacea36c39810bdc7a8f9c73820
304,305,id305,920311008555ad937fe1038e093426cc643f854a8ff2850449e83d333caa2209
305,306,id306,434e966e5fdddd178e9ffc60405f9a075cdc6d3ff9c61f2306442495d7cd24b9
306,307,id307,7aaf9eb781eb0d31d6816036af373acfcdeb6a1f57ad7c55ca9c86d32ac03da1
307,308,id308,0ddc50c518954e485150e559ee67576a47cf9918d4ea2ac357d0a1223b32d1c1
308,309,id309,ce91b40b4c132923d00573cacb7d73a49d3b79dac118cec26d58c58638f6d57b
309,310,id310,d2b967301331b946f08911b7ddeae30cb8251e0379845eb59a8c5cb12ffdf9a2
310,311,id311,3382ca3be6f5e91d4f5264759d557e7963f4e10770357398b73d6193b7ee9006
311,312,id312,92cc8210b7f0cd026d224fd5f15b91c1d427294c3cf2b63fceaa63dcd73e444a
312,313,id313,68c5690b7f9b0e84405e34d96d1b53ef9e41ef71df14b80026462b57582cd98c
313,314,id314,5da489b85baf674d3acb36b4c5d9f4b25e61652ec485a55be9a614e3559ce596
314,315,id315,cae36d656cc38879b15a66497474ba79ff23d36042ec3e0629c8b81d6dfb78ae
315,316,id316,21ff785146e061647b98567133de267040a8c85dea950cf5276b27023dfcf7cc
316,317,id317,e2339f4ec3f7d56a2d927610cb2d0d6ffb8c08f39221239ec3cd759450a7be91
317,318,id318,c777547115659152b41edfe00d4206f7dce3e6a695e2ee925842d73a35301dc9
318,319,id319,223169537342570922e850f722fed92bda6d0d49d2e473a372b7bc45816e9320
319,320,id320,49a5ab51265220abc79dea40c546a40eb4f154d60fd8bf1d36fdf6b43b2b0317
320,321,id321,21a5325956202999d9899e955bb2b3cb7591d20ee1d2264474b3322315a1dddb
321,322,id322,8dceec59df3b4697fe5923210e85039c11a99fda4b4866079f9f1e99722cfff7
322,323,id323,373f5e16af05551111fdb92e127ec2505ceaa58ecfebc0f92b3fccacd9be9ae3
323,324,id324,b75d096391a23408044c16603c73ee8128ff0128f5e7b6434740a7f6f3c02728
324,325,id325,e1032f069419b5559b459e25cbefa46d81c2cac87f446fd97cf039c97d3036ba
325,326,id326,bdbba96799624f4290ea5e855153dbd3d7bc1cde36c0f7ffeefdfc522134f987
326,327,id327,54196cf7ed2da0cd179cd6a273206691c97d27461825d5df430e4d138c3c4387
327,328,id328,55f7e70554773fdeb9772f463385b59d703e20c33a40f2ee60255f40d4ceb253
328,329,id329,143b1bd3c5c0841e11d0e9ed1c278f198357c32c08186b935873c58d8634eb3e
329,330,id330,dc2cfcf1820d7d637d72153e014bd2dd2d2b5f9cebf61e495fba5b02e3e5eacf
330,331,id331,4fc744a95a763a1ab4252dff7cabe983b5bd043323fc8d92b559cd36b332e72a
331,332,id332,77ce16f22fdd3c3e2406711c88618182b6a44fd7ba547ff20ea102deeba63de6
332,333,id333,eb91836e8269f472b882f1a664a4b3d4d890da0860ae4bad0ec0e7893d4819a5
333,334,id334,cdf48194ef7dc92079c8afb6b9b1035eb6d5f754f720283c83bd88e92c9c92c1
334,335,id335,9078739a6dd1716a4502de18dbf8e871809262bcb75f5b35a108f6c406a4cb1e
335,336,id336,8822a81b3c3744f7987c3d8c39c4e2c6a9b5e4056c5d09ddc84ece9d2f5467cc
336,337,id337,7a7dde8c2fcd53fb3006a35eb51aa3088d508f2ab2bf0d382c24d416fae57943
337,338,id338,8ed0f72c460be9b46f72c7710b9cdcca30e8ce6318bddddcd110521edb4c6213
338,339,id339,be4183c7e602a603fc7d85d282709edfdec6e633b05c16b69e66e15f520bd046
339,340,id340,21c4da7c0a381c1eaa9d93858cbc5ac25905a1717b3d276074bea64dccef019f
340,341,id341,d7ac3c6d0edf455c7ade37fbf44115d2b00cc6d05d6913b5d69f19417f844d9f
341,342,id342,b1397cccd74b329f008ba062843de8378cbd2e4914bad31cc68423aa3f9a57fc
342,343,id343,d42d5f76ec00198277c2ea029e1518204bea9085b606fa50781144c5fd5693e1
343,344,id344,08bdd4ab0a73dd6e75f81713584d52d6fc01e3fca0657fffc46ca9688ef936bd
344,345,id345,bd59617648a58b729ed9a9617d54e8849f8cb4d4ef2d933a13e9db46b13d5172
345,346,id346,29a2fb0f8d8b920b8debf81aaaec54193939f36d74168e465035b0f272bd58f3
346,347,id347,42ffd985f66b7a004f02e9201940d9fd8229073a5fd46058d0d6cbe8525d28b1
347,348,id348,248a6f36880474d5e4858b50b7f89c2aff0c363a0f8426f1bfb956a52c11ad49
348,349,id349,4830127a7aeacca3da8a33f0c689f89eefb0940458656f12d514d8395f4aeb75
349,350,id350,c66d57fdb9c90382d49f9e23c61a5c58dc80f6e334ba01ef7ff9cd3a46a9db6f
350,351,id351,736480311180c2840ec829854a9e296465caf642117f43dbb59681a7c7985fae
351,352,id352,2eca3d09b6a0a86714205a757b6f3faa7234c83b83edf08f97b7fc19ce2340d5
352,353,id353,647017acce03738a6ce8a3bed4a56f071228a2c4f33687e868ae4f51c86312b5
353,354,id354,07fc4f54a764b9fc1c500340b41b835bfbcd151649e35b17b53e33beaa04f3cd
354,355,id355,4a3e940d10a4e47b6debce8bfbc6c37e79a025e9b1b176fa43f2d0694a0a2e1e
355,356,id356,501088fe63f5fe2791bc31ad095659e75f4018b601610bb48334253c088906a9
356,357,id357,169f3e95ff796103deb5fcc04fcea0566f8439a2f251bcd1050b21b41b81b087
357,358,id358,31532f729df025a7877e3aecf3bde8613d1f7c4d125117bb87ed866e45e7050a
358,359,id359,f380dcd7914193309f4637e289a4d3524d107e736d3ff72868e339def8e4e4b3
359,360,id360,aab361b83f37b267d7deabbe13941fb9f06f462aeb469d4d554a0e2d17881eae
360,361,id361,a503681c9e27a18028a01772f4096e2c640a4271a82ac7e59324619957e1553c
361,362,id362,dd48f864d488a5144ca192ea991ec8d17a10ed903ff84950e993ed582d0ff060
362,363,id363,fbd00181058614b220deb306e33f68e4db6efe60d4b104df010bd2e6a375382e
363,364,id364,a311ce1b95f5537a9e5ebf0ba28e6a4961a89da3f60b0bfe13b6b93a9fd4736d
364,365,id365,e0cb39283ccbcbec410c6998596b448ecba376d9c7d191fb3367d7f7e437713d
365,366,id366,9f6e9762495090f6f931ec71ec14ff89adc64517ab19bdb97cfca01e0444ba43
366,367,id367,cd0873f91c7d62acde0543c5b8171c853581d77456820f9a7be801c681fbe19e
367,368,id368,a63a8018d97ddb5e514421d163e1f4f6f14b8db5f7506eeca62db9c7596771d2
368,369,id369,64cdb37b705081ed8d2c3182dc735ad6d933ce88b23d5ae6f967e0138a51e7fb
369,370,id370,c9302ae56f61277f8e7dbb1ff817c30716aa80d01c9267d73ec51bd9ebcbfed5
370,371,id371,249998a6640d190819f47707b9703ea13a2f2f2108220352de439e86da2abcaa
371,372,id372,b481e32ca4b9d9bf9df46b16755678a633a58f26aa701a0b49f6a1947c0c975c
372,373,id373,06f016b3b434cdf1d8e44d2883576604a747b7d7fb457c47b7e8476296fccf02
373,374,id374,7228400e76ad875ca5347fa0adcf496ea54d50de4963046ed5ea38d67ffed741
374,375,id375,300d426619ba84617bd2277b3cb55c03f30109f981a8dd2acf8db981a8798d52
375,376,id376,1b5b1c21a8ed0fbe4278e0cfeea1d924124c44c8208034a0304797656ae34554
376,377,id377,0a0de098bfd7c1e5ac7282be6993370b8699ed58248b60736df8855a7f7baa24
377,378,id378,abf73d1dc55ed56bf086d051dff5cb7fb30293141083b67ec003987dced959b1
378,379,id379,2fd229ed9bf23a076bf3070d0b52c50a3f4ca45b88d8b764bcaf17c430d69790
379,380,id380,d7270fca5b0ad9253a8315b9b1686d6ffd1852306ec6ef66c593a8fc7da8d94d
380,381,id381,a2527f71cfbae7521c5f44d25c59799520de819d23b184ae782889787e24c03a
381,382,id382,b737c27f571047609047daafe47613a21762711471bb42d2d2b848841ec026a9
382,383,id383,872fdc6f198c1bbea998267d05e860fa87a468264cdfc5569cff6539844bc06f
383,384,id384,475927ee4bfa5e6f63b8e6fbba38e5d98d4b45c2a813d46bb0b70dc311aa81c8
384,385,id385,2aabf41694e7b87c0cca295c6f988ea32a031422b7ab9e02a922b1ab0f4726ed
385,386,id386,a92fe992c3c8a1752fe2c54d1078e8f103022a842e0671f8ef2115acd9465918
386,387,id387,fa47f8079e089b0df25a3828d970a6d841b585d262405fb63ded55b6ac5ce879
387,388,id388,f7c4aad8122b85313455f428b76b70e0794713af401b63a3a4d14cb995daa9b9
388,389,id389,df7a49ba3a69de70476c2556edc3276fdf5604f99000137d22b89680b7d16bc6
389,390,id390,166ce320984cad8585c271ef090676338e6afebf21d33b456d92b1aaa4339667
390,391,id391,a4887a043aef4925a63139e2cd677df18c911937101ae1a386c3da619f0b1028
391,392,id392,3a43c054d705dbe6808677625e0746e46325840aa4a1041259f53f240eafa991
392,393,id393,622101aa85e5cf6afb5a380abd137839602727563a67d1475efb28cd7562204f
393,394,id394,c9ca45b35a6e60cca8a2ae85a77815a61a1887601e72d4e33cdd7d7891c047ee
394,395,id395,2e4b4678be863bac017676a04958f040c954b33f1f76ebe1775070015c745e9a
395,396,id396,00065549e5091a575440cb5fcb9b8613210485f7b55e98b8832be4d7f50cb724
396,397,id397,97d1c70caabbe09031796e89e538d4766e1a9ace11daac726dbc6e1281057de2
397,398,id398,9cb9d8f568d519af2e4d5922ab82d48c2ea4c2f7e598721e4270881197735c95
398,399,id399,ea7f334cc61153544ee8088a5b7950d3ce32f2e6b5732104efe7760edc71bbe7
399,400,id400,4c6e0ad9fa2f6b2728155885809790737e2e8f27c0518f6fe24d0f88f8256f5d
400,401,id401,4d6496270f97ccc8000f7e636081ab206887837629b1d43cb5edd4bb85bbfe27
401,402,id402,d1f5ca4b0bfd132ddcdd0ff8eda1d87e74024c5d56806d04093b2ba23dbdfebb
402,403,id403,11b8f5e76c034c5e64bcbe97e13ff5376ef77aa1cd9196b27ae49cb71f81d2ed
403,404,id404,8a35cd9ceb8cd2483c7a292ae4d745ca96583a48f2601b7d2a55e4d3f35925ad
404,405,id405,2e5c179c861e95345dcf2dd1c2cb4dea34fa358db554522896db999e05c5dcba
405,406,id406,d7109ad2531c3cec7fc20570d26e3e2c2b0bf262e2990be3b48ba313b24ac90f
406,407,id407,5c8cbda392bdd5d186957e6629070f78a6299f89fec27f49c09d988d434db9ec
407,408,id408,5c1012cd517a8f338d8192e5efe39163629368adb4df9d5b6d466b463db4c577
408,409,id409,9e5d2b1c6eb438d3fa9a0c758006a824e7e140d9725264b1773b79228bde4ef8
409,410,id410,58957e678137cfa3a70f2370829c40d82b0328cbff964b7483e2131c8f9d9f78
410,411,id411,45fd09bfca2879bbd0a2773d6b232e6e3769c9f53c8f83139e2b28d53055bba5
411,412,id412,02bf4ebce21a176f6494778ab493865295a3743c83cdc5194dc9e7bb38652491
412,413,id413,85398bd46729e7d6456949828a90999b3ef2bd7eb6b6530a657c1d2018b9f1ba
413,414,id414,1f5c7a534d6b15e4b492afa3f52e41347eb025355ba0dac1237e01fed644bf72
414,415,id415,333b257da7ca274b16cfd11a5637e26a8185ca428873c1e7517b83c6b52f5606
415,416,id416,bdd36ea1f3f3c4de70ffe163de9ea0125e8a6fac981c64d5b75250c0d1081173
416,417,id417,a6e7938c52bba6cadde3b336e41aa99c2039c2130456676d725638cf369d6d1b
417,418,id418,e2a0be552cd160d8bba33374518b64d11d71d14f2f6d527ac7a84f71212c0674
418,419,id419,7e49a032420d9d81f0fa2f2bbfbfc5b9995c313f272dbfb1b7dfab921fefa4f2
419,420,id420,0c4266a86f036e310af67f1b69cdee077e3a48cc8db0254743da0f68b7615de1
420,421,id421,1af9225694e9f9d587012e11882546b7dbbf137851568f24a45c28401f68ae5f
421,422,id422,eed589aa51acbedd9c50885fefe7c93f921af91846a0f71249bad5b4148a94f1
422,423,id423,c719e8ca012fb6300c3242c55ec14a0dcebeb68aca1e9154d5b03e84ce219654
423,424,id424,d2c650d3fe5119f50a635482080ca28f21a8237bb78af1a1586fb2b2896f2f9c
424,425,id425,cb580f234d536d7190713943a3ebd8f246e3ea8684479d828362526c13d9832a
425,426,id426,6caf54edf76c0fc14503f00b8ebf5d3c0e230e77887f030159ec0857e5e8f7f9
426,427,id427,dd35cf31d564a1d89dee2a00a132f90e777e5b4f14b90365f4d0bd56beebf219
427,428,id428,a367d24a9b83df3ef29b06eec28e93f085ed51dfb2670896408a3024852d2aed
428,429,id429,5773ac52c533def4dc6f77f16ba441402eb9de127fc8e3db900aa88993de4048
429,430,id430,e46bd01b69ff2d8efaca0c52556483374a9c891ac5f7fcd61beeb1e06cc0d6a1
430,431,id431,a50bb2e8c5348daf68afd5cfdb6853c977c35db525922abd18d38d9269e867b2
431,432,id432,977b8d2f261024e5695b5b7d0a2ef59b8794b96864728dfe96064302fb3cf1d8
432,433,id433,8004c5bedd49d918fe449096bbdac8d8f812ce999f86e431069d6f3de4e7aa16
433,434,id434,bd8a71a0a513524b71af5ee247c61cb61966f00c750f97564a9f5a1b8110f634
434,435,id435,001241ac2daa94905f07d1a609625ed9faef804b90131c8242e54320f6009bf3
435,436,id436,04165fe92b0145b9d8061927b0b1a8d082a59623839dbc7d4ff1145cafab1b66
436,437,id437,dca41d1feb2c8d2f71ab08b16c87f22162ea5cb376d9d6d938bcaebf28888d26
437,438,id438,05b325635a8e00212d1a44a550c271f971e32a554149787726046f2c42e8e2e7
438,439,id439,3b1b2f65d08f8abd5e6bd2a3edcbdafbf3a6c090a57da606610058bfa5be8e8e
439,440,id440,9ac354b1d38ab8529c3776855fc3506106e7b07976adadeef788c5e367b3a3ad
440,441,id441,46e067b8fe8f1355b6240209eda5d30c60e2907ebbe693ad4fc12a73976d3de6
441,442,id442,d730dcfe07b0f86c37e154c7336958caff553b52e62a5ccb35c4591cec8cf0b1
442,443,id443,bcc86ff374d518347179f0b58036c7f0f8f73de9fe6a4ba0d3b48855289e3277
443,444,id444,930ec9912f281fca872df037e8c914f1ee1f4165779a30df7c10f92cbb933797
444,445,id445,49015634ba8a6c9fcffb5c0f9a98ea72345c0431be4889588e868454c0040566
445,446,id446,236ec77b7f8656d36398bc8df39b4ed262a595de70c1cc02c80dcc620a9a465b
446,447,id447,437d4eb49aa2bedf7af4ae4dea34cd9c6cf0c0f04671535880bdeb5f2457794c
447,448,id448,21a4ee034b1e452d6e4d573b751a95183f83afeb27bd3e0dd73eafeed807c4c7
448,449,id449,6c2ec94caada9f7cd337b6d596ee98120ee4ae916fcfcc7514f280608912f30d
449,450,id450,85bfd06565b1df35dd70df9d34542eb762251a02774415d30ecf74394a8d9851
450,451,id451,6aafdbe595ff01d989223bc0c45881ab3df47b44fefbd1f3ab00fcfddb67252d
451,452,id452,8485e223b5a45fead809533fe104d3b52cb05d43e121f1075877429ff7660f3e
452,453,id453,b4619920e6bb23dd52e7169a81eff2074e0ee55644c43f13a681ea34bdbfefa0
453,454,id454,8a15458a5544d152fa9e66720c698a9565d0e3794143ed2bf293f995a9ca6323
454,455,id455,d882f07553f9f3e227278441002f16306cc5444c506e696b88ca8b7edaa121bc
455,456,id456,6926c3fb312bd78d5f8961701bb31ee140ee8d2932b82ad80002e588c39b4692
456,457,id457,a89ac54267c3ed37c1d457021ee68c31f50b58cedf663e70948af56661573acf
457,458,id458,0aa7cbc7bef51524186b81d9eda263f3db8ffa26ec1d204b230f3485ebc55383
458,459,id459,71e9422d39841dc3019695a54a4de5872638a032b3836bc4c6e09e7612a4d66a
459,460,id460,9fbc4b0d04c80caffedc564eb261f88b6a626dc84966e856e779378cd952b9e5
460,461,id461,1dcb6bebf340bc4cf85bcf672b652254b85b3fd6bec4748828351eeb14aaf33b
461,462,id462,7ef92d9cfabf57b629931a7716b830142fb6a658bd3bf20dccaa632a6ba61a7e
462,463,id463,97e8c2e12706e0027265366dc9bf497eec18ed051722abf78271b33189ad2255
463,464,id464,d493ee9ec93dd5d7c06b23f9be83a57c0498773b114c8592158576376b7976a0
464,465,id465,7f2ef267e58a4db18ce168ed06e60940fc13d3087e900247d35596177aff97ac
465,466,id466,3242c522d478145d6d986cd13cb20399e53da036b9a0e468e1e3a8c0ba10c9f0
466,467,id467,51aaaa8b26b9d2c237a200a572140736d9f9164eed1f909c7140b69c2daf3ca8
467,468,id468,97b79c2d50059209184b525982f98b8b763d3754d3734f8280e73e92850342a3
468,469,id469,88c09548f418e8ed45c476096022a10c37abd0af8a1110a2946018b827791c5e
469,470,id470,c7ecb14c1a5fff970ceb2601a589f18411851579a9f1d13f580b634457bbf092
470,471,id471,295cea1fd8bb5c933db4cad4c02d38767e8b39479f218c3461a006b3726c75b0
471,472,id472,db8eda58de4912fd32826a185e5678f70109b057ff59ed8232a2d57ae70e92b7
472,473,id473,f0e211bdb8e3da53125fa9b4ac1fd94b20b55840a5b49e5419a6c32a11bea30a
473,474,id474,bf6aee4eeac535adaea3997b56803012f5c0d823eea027ba49ab1e66e470ba58
474,475,id475,859d2bb2adc73235cc7de94df71bb05b1521b99da59b0e1766da4ac3a79eee09
475,476,id476,cc07488a816004ee161088d1fcff6e7a8a51a0614a4358e9e9c26426b07e8c1a
476,477,id477,722ca8a68e4b382313c0b5f31f236cfe4b37624dccdee91c4fc8df7c0ba93c86
477,478,id478,5689eb11e4ea1bc572e08b59495d8a223bac0a7c2ae45ea87ae1ab1d12bb30b1
478,479,id479,e7048875b7abea20e440a2b8332d8726f4659d18cd7630abd11ad3c7fe5dad96
479,480,id480,b1284becd4b93e3893d93ca15a61153f68a945b681be379a195ae51e49b447ea
480,481,id481,d4025c928fddca3470a025355332ab11b60996c7ccb5a63a43620f2a4e79f6e3
481,482,id482,24ac30f97df74c7e3af2e71d878c21d590d4a6ef827c549e684d1d42a85b4a64
482,483,id483,46fd2893c8ab5dad6500b01b67cfcb1d2669e558e18d7d18d930048c9b5e2f06
483,484,id484,2059f9366401acfa56b1fbd61af3bddc9fa706e9f699907d8435e3de5195cb14
484,485,id485,0a6fb81b957a6bc1085140fcea22cdedc1ff7739b2758bbf06c51e3148ebcad7
485,486,id486,adda87d31642562b1c6a3a7db42e75c8c2b817db889cdd33db8e00c2e5cbd8ba
486,487,id487,2611a1e254f7db7be8a3d419cb6ec486625e531f503312e64ba5fab19f491148
487,488,id488,cb38dbfcc07b53b5dbece676055a47f93c51149f803238598264bfc78365b293
488,489,id489,3aba59c29b7885333b6091ff060ec2c61df5385013bc80f54505617275525737
489,490,id490,47e05dd77d986c14e5d0b57e11010e77c5ba676c9c4e059c5e6d7423cce9da46
490,491,id491,6babc8b86468f51fdfd779165fd8fb73fbe8aede3c1b96ccff8949031c8fdc01
491,492,id492,173558f46d79c0e069db7cd44c04ca96390802bbafd6e1274c528e9536ab97f7
492,493,id493,ae05f188e3547e4fa904786641a8f292ed1b487bc90bd7a83a6dc3644fc31409
493,494,id494,a1ba3036786fad4561c3de16cbb13457186fc1c431878f592f2f3ee962c39d35
494,495,id495,4e0aac1ef06a011716c3763b31e78232a2c903eaed9678aa0f65f5da65e20067
495,496,id496,d6bb17bf20b3bd8a70d7fdcf0a91de3a572409c0e1acccf526754bc068d6b8eb
496,497,id497,9cbf15a9d6b2f401097426ffc51823d4c9d08a09c6e35cd71dbac617c4b84b4f
497,498,id498,e2b68b51895f61d78b19540edfea7900003695d90083d181b7b32ce671d59e5b
498,499,id499,d47cddcae9820bbe934fff40b2e11d14831ad9d61f0f52f2516e959b35084019
499,500,id500,7489efba9a0b8daf3ebb77fe50fcf633827ebaa034520431544d61f132ebbb0d
500,501,id501,90d6ad6c7304165884bfe0b30bdc21c48d7d06ea62e26d7cad64220b3a241057
501,502,id502,3684ed2ed977f08ff5592e928ef75e477f568153cdde9cf50ea38b8838e9084e
502,503,id503,d57892edbb070d55e31321c7408ab3384c0c107077c24d5bf1a59c0bf902c6a9
503,504,id504,fa896dff82fd478847b8a54dc356ca4d20ecfc7e210de6be5d1e40b0de47ff38
504,505,id505,8ad0dcae8f08e19d74fccd30e15f52e384c8f293f7c68c1b0932c601ffabc72f
505,506,id506,b3982aeb698aa17b9a934637aaf8e38b55cf9c479c3264e777b11bacc377b7cf
506,507,id507,b72726ee8c637efe16196b9ceff4a775772a7aa2902ab43cd056a89b777d74de
507,508,id508,8b979ecf11270c5e6ff02f2501a1c7c6d0e79d4397106857fe74600f4fdf75e0
508,509,id509,45cc87b859f357c3d6e7ee24912126accf3cb0b4299ac67c5eb06a3457555333
509,510,id510,bf6dd22261c67aef9468bb4aca3d58b9dbd0fec9285b4582cd6c2d58574de0a8
510,511,id511,66b16a1e4c5f05b41f67beda9ffa881189d6ac891421cf2bb95ecf7cc4dd3780
511,512,id512,b627981f41aa1773a24b2daee768d5f9b2ab7b2f609e19c953a6525e5da4fd16
512,513,id513,2cfc53ad9d8affc5a19c6af23342e9a4811a391a39323b07f0e58e96fbc50fdf
513,514,id514,e134af5f53f64a4e4c393f790965a0a9dc947ed191be3c8b5cb10408bf4b536b
514,515,id515,0d00300acc334e644927d6e48baf5046ff5b341887a311d9fa9ca4b9d07f3925
515,516,id516,06ded49f5825cb690ff4276c235f338f76c99d50dc348d2c91feaef4603f2fe3
516,517,id517,6bcc05fc4cd0aa4ef94f60eecbaba2a883573ee1bac4f171a2c86af8430dd157
517,518,id518,1375e504955f6699dbcd9335e981e75bcb5e081133c5a6b5654b5207f82cab46
518,519,id519,7f02c924d3e6c5017065e8810b56c02948a77e814ee02e34f668d9b24883301b
519,520,id520,86584db9cec2da763a9de5daf70986354f8ff942f61defc2dddd3ea7f6bffc7d
520,521,id521,362f5c662ad69566ec48a719982cf0956e6b5e9e17086891739f9d6d494b6b82
521,522,id522,afcf7cbe383cc6a998f664b5a6da70243ad643c453abdb9ac5d03c82b19b5dbe
522,523,id523,2318be302a4f00dd68455f9bfb80b6455ca62fd06d7344c86f31a2ac5b143371
523,524,id524,c6c6499094ea2024b090b454f2fa357a9cd811613e4b9c61ca99d4f8b4d40984
524,525,id525,b1ee1770cbb8ee7d5ebdd7f7b1e8d7d8a2f9a99396ba56335db670b46c40ba45
525,526,id526,11f80dc2d6b0b7a30417d8b5564f1269b9e20b1fb4460e9c76eaf47f83e18b46
526,527,id527,4bf4b9a97d9fe3161a7f2df4b16269869775a86b21b492e462c43ca9fa2c2290
527,528,id528,4c89f8d801eb4697dd70ef3842401151e50afcbed5dec09aa9309bb244bd492a
528,529,id529,b89850ed16ca710be9be6d616d44dcc964c8bc60caf4baa821a7fc7d18e4b521
529,530,id530,4d689cba360093b305078364c89c13256029e527913bae0f7f180fe9582c2097
530,531,id531,dc7253675d6e06c58cd6b3305fc8250d8c35358c8457df206283345a4be9fd53
531,532,id532,30d7d59e81e3bfd3a3aed935af2f1838c741094c1e1285b3349cda2704a28f07
532,533,id533,5320935026670da704a6bce242941d4a01e807d13ddacacdededfc1299eb51a1
533,534,id534,541db83bbb53ed5eef66f8dc34dbac7151b854148a42549e55cd1d84cce91073
534,535,id535,21c4053199a0eefee5dc3f64868609f98f0a49244bf882b235c010dd8cda8d63
535,536,id536,cd7d23cba3e8ca665653af29b51e3a0e9e9c98ce6567e7a427325c15d1075c6b
536,537,id537,8770bbc343df9205a39a350239de43dd0164072912287833c5b94f1e2485e7e2
537,538,id538,5e78ffd4d02609be4fbc7839c51f0ad0d9ecbedcf28c507726fb3c99497f7f0b
538,539,id539,67aea6522e6276da63e2975fc56f9337e9b7a836e6b14b308649ba1e8f73a434
539,540,id540,cc7be5abccd34c4a6400083c8e473badf79258801cdfb61fa3486140188e7922
540,541,id541,a474c1051b4369b147e2b45d5b6138775d4c4552994920082bf4b3dd1828341f
541,542,id542,cf7d3a08dbf7e1d15f4fa405aec347470670d61f3f93cec646f9c91feb1ee19d
542,543,id543,1ef94af6f708a973eb6edc504c930da6856d2c5dda9bfbf72809ca72be5a9427
543,544,id544,dfd1e1356292dc2dda56dfe90a4fa88582ce04b20eea655598ac52548e1749db
544,545,id545,60166b76b2bb64abc3eb5b7f0eb5acd0db20d825b49cdb7e28ff22bbe9a4de0a
545,546,id546,60b9cc11d91052c13c7ae396b6c39b5d92b331d7688458e6432f06a1f461f774
546,547,id547,280c3a51ae623249d96d2f7bd19a519ffe42fa2b52ace2ba23b45237bfbf4bee
547,548,id548,395439a0d087d3750abcaf011e0a9a9cc99152b69c791f08fd7d2002e8c0bca2
548,549,id549,6954d8d6bb654d75c2a258634d428c24e2618749a49f7fd0564b3b24f624c062
549,550,id550,b4f99c57dcc9da1b3df26e2f89eae7f849959aa332fc5abae04b577f18b5e7d4
550,551,id551,5e682000cf21dfebe6ba4d479c623a32fdce1ed9cd2afc923d48230d29fd6a58
551,552,id552,bdf70942a21c781dd026fad1920093de1af34e0543e72562e40a38c381ec0372
552,553,id553,15f39f5b5975f6c1a61078e0c17d1fc0f5c811973a5a5f1045d26b3f17f3cc08
553,554,id554,0ad458413a2140fd6750c205e8ed345bf14e66b58307d0b7890807c9146bf5a2
554,555,id555,0860b3a9b57ab1c13e7dc987e970a512b0418c5dd1f6fa781d1054cfa497f639
555,556,id556,85248904909512a61170f3b05d076d3b312abaa866a034cc2297d2174593eb91
556,557,id557,742c04eac483bd34ac92124bc8e7b3ed5c513b85bdf3717a0d4a7f9df46f75f1
557,558,id558,1d1a2481defbfc19380fb46ceb6a612f02f78964183d9e68e4c240620f8450b2
558,559,id559,7ee98c4774e47cde9700fe5102f2a0b14fed9c783dde1175ada0aa21ebfe4aa7
559,560,id560,812679d4bb9b1acd06f59fae561822711e4a05027809eb049c72a9140ca0f658
560,561,id561,eb815f81ac9cbaeae56390ac9856f8116f6d3c23973cb88ff76751a48dbad3a6
561,562,id562,a45848cb8efa2a734c18c13464b7f665122105bc519f98ea84303708c5747e4b
562,563,id563,7a008f1ae9914f54dff1a6968f253fc10c018b5c23d6015778560c3b4c7e692b
563,564,id564,645688a724dc6f87c243b9addfc16e47f1f391da814db12073f67ebcd086ebba
564,565,id565,c31bbb6fb34ed4429efd78cfd4674509c51366e6c156e3a77f9dd97ae5c17ff0
565,566,id566,8776b2d463e04977d8f738822fab1a74050cef4b165b32221c8b663305574e86
566,567,id567,b194ff7759d50115c76b49aed9566e87293763904b00c6cbf08c69bbb1f3db59
567,568,id568,73f2e9518883882b8931a7aa27b18dd6aec27d4dccfaf3d89a06e63be792bae5
568,569,id569,510f445bf16b3c78c057f5149debc52fca4b88a5d4bb0481e7a9d3d5eb9f1c38
569,570,id570,ce887f9043084892bdd43302d61c6017b61e81ed2dc3d08580a629409e51420c
570,571,id571,1fe8a247c8adc3d6688f663e61c315b572a5e19dbd23ed0665cd9a0e0716512a
571,572,id572,b2ffdc278e0248032bb2c2a024264aa5b2e65e54ece8ea1e8aa295d5f990e7ee
572,573,id573,a9c5735cfb9986c2d8d0567c58857fc365647009c846d4bae5637fd1d45f04e4
573,574,id574,06fa854ff081ce6cf3ac646f9c127440e551c07b30ae2947cae41748b3b3dede
574,575,id575,d21cfdf8ddea723c7b8be7b3254a25ef158ee60a46fd4252799f8de2b0061796
575,576,id576,21597073c8d67f541aa10972f192e9edfb54647054e91743144d1a13fd087739
576,577,id577,4c51ecf1fc04d738ad0192b207aa60c0909f74545c0e68a676774eee132d6d73
577,578,id578,48ebf9d217d2db90d7aa9411b06c56b70dd31b0ef7bbd954d10cff541372b31d
578,579,id579,fbc411af60b60461669148c6346a9ea592256c6464014e4baae8add6fbd58578
579,580,id580,0bca38869a427ee50fe57e5cfa36a0a2e68d0a9eec76fcf5063ec3d8ceeebafd
580,581,id581,34c68775a4be12838da73832d120cd77ab14972e504931797fd002cd1dfa8b16
581,582,id582,de72189a7cc2f353d8ac67fe264487608cdbbb4cf2d18839d351544a7636a7c9
582,583,id583,d609480322c37b377e499e3f4ab5520164054db081678eaf0bc09135d72bd73f
583,584,id584,37ef76da0a18cb45fb883a96ff9149dc2cdb8eab57ab712bb74a2101d1c1fbd3
584,585,id585,a518ee83ba4606f00fc797c84e3461da4cff40d4b200d08d1b42d487af58779f
585,586,id586,2a04bb266d643dbd53aa8f8112e80913f92211d66e48fb278bf50c56a0633f26
586,587,id587,5e8e94de5ac70ec1d0aee76fcda59671a4a86efbaf1e54a6d695b3a768277284
587,588,id588,2ba6d911dd325345849c3710510775c75e7f16990a802b36073dfacbf7749e02
588,589,id589,76d8540abc3aa09c30c04d69f1513aca2a1ad8221990fe3aea1cc80fc4bac069
589,590,id590,64aee50a94f66c72a340980c385eb5ccf15ead367325830d936c4cdba1bd3a0e
590,591,id591,5a23603b05bfaf1b3e36afefefa734bd1155dd78d0bf7eef5802faf4b906857d
591,592,id592,e09e8b5027e6f6736246d630bf39a469bcb15aaea14c53f5bf64041a13e282ae
592,593,id593,b3d3447be1ae57f7626f3e55bf4b10b007b45c442f6b68b315e97c3bc6bbe696
593,594,id594,ea7560c45abdd6bf510347fc918bfffd2e56dea9d9887b2f2d6882d9342e761a
594,595,id595,d16addc54eb8f12385767633351e9a8ffe2b9814d71f647dfc2100f72f807044
595,596,id596,b5576b23fb4f25d5b3c1ae3334dff7c8856d19412d0a414f819594ebfd9ee7e2
596,597,id597,b371b1b50ceedeb2978a7cd924816480fb1debee21d9457fdc196a0e9de79822
597,598,id598,74b7ef161e23672a859acd0e9e6d01e8d62acc23aa27e1153f1120684f9842a7
598,599,id599,0603a07c283fcf44c800453beedcd5f4ab19383f9a490ee14dba3df1dcbf991a
599,600,id600,7d3ded87e7e8652c7c910043d2fadde45c448c01067bebd307d056813425a629
600,601,id601,158defba1cf27446dbcec584596d7bb32543bdbe36671d77029a505128ff61f0
601,602,id602,4254cbbf0cc62ca457902b1dc52040f38a6162ee7053d57f09b1d3f978c3fdef
602,603,id603,fd9eddecaa519b0c5b0433d2113982a3bf76928c1776c009c653f3c5407e402d
603,604,id604,cabe54a3bc473517681ccf90fca8bc6629748adf113bada8b4f7e85100eba257
604,605,id605,75a8847150ecc7306c7b9623136948bc0135a882ec8133f62ec96b075664e335
605,606,id606,b30bb1b097f376c034617ca69124e8e8ba496a8a287499726053f32bb152a8fd
606,607,id607,a617e73428852c7a9fd326a207dbe425e880f8304216cc600dd10939a9fa5ff3
607,608,id608,76493cb7208466982594c03d33f6ac47c0d5e508fa40bae0c4fa413292e5e546
608,609,id609,3f7c9efe5dd5a97084effdf5d70e06834171a99d5b261f51e4620eb461a70add
609,610,id610,941364be227aa792fea1f85593f9f8cdcf2639aa20b461accc04f9dabb8a687a
